train_max,eval_template,n,ood_correct@16,ood_joint@16,depth50_correct@16,depth50_joint@16
5,conditioned_logic,3,0.30871212121212127,0.04924242424242423,0.19791666666666666,0.0
5,conditioned_nl,3,0.6467803030303031,0.32765151515151514,0.6145833333333334,0.0
10,conditioned_logic,3,0.6260416666666667,0.3145833333333333,0.3125,0.0
10,conditioned_nl,3,0.6385416666666667,0.3447916666666666,0.4791666666666667,0.0
15,conditioned_logic,3,0.4817708333333333,0.20442708333333334,0.2604166666666667,0.010416666666666666
15,conditioned_nl,2,0.490234375,0.22265625,0.359375,0.0
20,conditioned_logic,3,0.5017361111111112,0.07465277777777778,0.3541666666666667,0.020833333333333332
25,conditioned_logic,3,0.8333333333333334,0.34791666666666665,0.6770833333333334,0.14583333333333334
