train_max,eval_template,n,ood_correct@16,ood_joint@16,depth50_correct@16,depth50_joint@16
5,conditioned_logic,3,0.30871212121212127,0.04924242424242423,0.19791666666666666,0.0
10,conditioned_logic,2,0.6296875,0.26875,0.3125,0.0
