train_max,seed,eval_template,ood_correct@16,ood_joint@16,depth50_correct@16,depth50_joint@16
10,3407,conditioned_logic,0.7875,0.403125,0.53125,0.0
10,3408,conditioned_logic,0.471875,0.134375,0.09375,0.0
5,3407,conditioned_logic,0.13352272727272727,0.019886363636363636,0.0,0.0
5,3408,conditioned_logic,0.4460227272727273,0.0625,0.3125,0.0
5,3409,conditioned_logic,0.3465909090909091,0.06534090909090909,0.28125,0.0
