seed,eval_template,checkpoint,ood_correct@16,ood_joint@16,depth50_correct@16,depth50_joint@16
3407,conditioned_logic,10000,0.8333333333333334,0.020833333333333332,0.75,0.0625
3407,conditioned_logic,20000,0.9166666666666666,0.4583333333333333,0.75,0.0
3408,conditioned_logic,10000,0.8333333333333334,0.3125,0.625,0.125
3408,conditioned_logic,20000,0.8958333333333334,0.5416666666666666,0.6875,0.125
3409,conditioned_logic,10000,0.8333333333333334,0.2916666666666667,0.75,0.0
3409,conditioned_logic,20000,0.8541666666666666,0.3541666666666667,0.6875,0.0625
