eval_template,checkpoint,n,ood_correct@16,ood_joint@16,depth50_correct@16,depth50_joint@16
conditioned_logic,10000,3,0.8333333333333334,0.20833333333333334,0.7083333333333334,0.0625
conditioned_logic,20000,3,0.8888888888888888,0.45138888888888884,0.7083333333333334,0.0625
