eval_template,checkpoint,n,ood_correct@16,ood_joint@16,depth50_correct@16,depth50_joint@16
conditioned_logic,10000,3,0.8333333333333334,0.20833333333333334,0.7083333333333334,0.0625
conditioned_logic,20000,3,0.8888888888888888,0.45138888888888884,0.7083333333333334,0.0625
conditioned_logic,30000,3,0.861111111111111,0.3680555555555555,0.7291666666666666,0.08333333333333333
conditioned_logic,40000,3,0.8819444444444443,0.3680555555555556,0.7083333333333334,0.125
conditioned_logic,50000,3,0.8402777777777778,0.3611111111111111,0.7291666666666666,0.125
conditioned_nl,10000,3,0.8194444444444443,0.6527777777777778,0.625,0.4166666666666667
conditioned_nl,20000,3,0.8472222222222222,0.7152777777777777,0.7083333333333334,0.5
