train_max,eval_template,n,ood_correct@16,ood_joint@16,depth50_correct@16,depth50_joint@16
5,conditioned_logic,3,0.30871212121212127,0.04924242424242423,0.19791666666666666,0.0
5,conditioned_nl,2,0.65625,0.3267045454545454,0.546875,0.0
10,conditioned_logic,3,0.6260416666666667,0.3145833333333333,0.3125,0.0
15,conditioned_logic,3,0.4817708333333333,0.20442708333333334,0.2604166666666667,0.010416666666666666
20,conditioned_logic,3,0.5017361111111112,0.07465277777777778,0.3541666666666667,0.020833333333333332
25,conditioned_logic,3,0.8333333333333334,0.34791666666666665,0.6770833333333334,0.14583333333333334
