batch_size,train_condition,eval_condition,train_max,seed,ood_correct@16,ood_valid_or_parse@16,ood_joint@16,ood_format@16,depth50_correct@16,depth50_valid_or_parse@16,depth50_joint@16
16,logic,logic,20,3407,0.9131944444444444,0.7361111111111112,0.5833333333333334,0.9861111111111112,0.6875,0.125,0.0625
2,logic,logic,20,3407,0.9201388888888888,0.5590277777777778,0.40625,1.0,0.875,0.09375,0.03125
2,nl_exact,nl_exact,20,3407,0.5694444444444444,0.9722222222222222,0.5034722222222222,0.9722222222222222,0.375,0.8125,0.21875
4,logic,logic,20,3407,0.8993055555555556,0.7986111111111112,0.5625,1.0,0.65625,0.4375,0.1875
8,logic,logic,20,3407,0.7465277777777778,0.5416666666666666,0.4027777777777778,0.8888888888888888,0.53125,0.15625,0.0
