model,template,n,ood_correct@16_mean,ood_correct@16_std,ood_joint@16_mean,ood_joint@16_std,ood_grounded_joint@16_mean,ood_grounded_joint@16_std,depth50_correct@16_mean,depth50_correct@16_std,depth50_joint@16_mean,depth50_joint@16_std,depth50_grounded_joint@16_mean,depth50_grounded_joint@16_std
olmo3_1125_32b,logic,3,0.9541666666666667,0.028182810955143047,0.47708333333333336,0.08757437315409874,0.0,0.0,0.9166666666666666,0.09547032697824667,0.11458333333333333,0.047735163489123336,0.0,0.0
olmo3_1125_32b,nl_exact,3,0.6854166666666667,0.046069467473949986,0.5458333333333334,0.19767529140824186,0.5458333333333334,0.19767529140824186,0.4270833333333333,0.12629537138523064,0.20833333333333334,0.203325221832741,0.20833333333333334,0.203325221832741
qwen3_32b,logic,3,0.8708333333333333,0.08299410119600867,0.06458333333333333,0.09567468752670862,0.0,0.0,0.59375,0.38400642898264087,0.010416666666666666,0.018042195912175808,0.0,0.0
qwen3_32b,nl_exact,3,0.8458333333333333,0.2086351979732407,0.8375,0.2080414622136655,0.8375,0.2080414622136655,0.8020833333333334,0.31612481053111496,0.7916666666666666,0.3341461444238633,0.7916666666666666,0.3341461444238633
