mode,train_max,n,ood_correct@16,ood_formal_joint@16,ood_translated_joint@16,depth50_correct@16,depth50_formal_joint@16,depth50_translated_joint@16
formal_think,5,3,0.537878787878788,0.12026515151515153,0.3465909090909091,0.3229166666666667,0.010416666666666666,0.0
think_formal,5,3,0.4801136363636364,0.02178030303030303,0.29734848484848486,0.21875,0.0,0.0
think_formal,10,3,0.4895833333333333,0.24895833333333336,0.29583333333333334,0.3541666666666667,0.0,0.0
think_formal,15,3,0.3528645833333333,0.11067708333333333,0.11067708333333333,0.3125,0.0,0.0
think_formal,20,3,0.43402777777777785,0.02777777777777778,0.14756944444444445,0.46875,0.0,0.0
think_formal,25,3,0.5729166666666666,0.2041666666666667,0.41875,0.34375,0.0,0.13541666666666666
