mode,train_max,n,ood_correct@16,ood_formal_joint@16,ood_translated_joint@16,depth50_correct@16,depth50_formal_joint@16,depth50_translated_joint@16
think_formal,5,3,0.4801136363636364,0.02178030303030303,0.29734848484848486,0.21875,0.0,0.0
think_formal,10,3,0.4895833333333333,0.24895833333333336,0.29583333333333334,0.3541666666666667,0.0,0.0
think_formal,15,3,0.3528645833333333,0.11067708333333333,0.11067708333333333,0.3125,0.0,0.0
think_formal,20,2,0.41927083333333337,0.015625,0.078125,0.59375,0.0,0.0
