condition,n,ood_correct@16,ood_joint@16,depth50_correct@16,depth50_joint@16
main compact logic,3,0.9208333333333334,0.7104166666666667,0.8333333333333334,0.4166666666666667
main NL exact,3,0.79375,0.7479166666666667,0.5104166666666666,0.4270833333333333
symbol-padded logic,3,0.6749999999999999,0.20625000000000002,0.5625,0.09375
