template,n,ood_correct@16,ood_joint@16,depth50_correct@16,depth50_joint@16
logic_wordified,3,0.5083333333333333,0.3229166666666667,0.34375,0.09375
