condition,n,target_mean,target_p95,total_mean,total_p95,target_vs_nl,total_vs_nl,truncation_rate
main logic,512,1038.015625,1862.0,2559.7759765625,4680.5,0.7139082508667555,0.8602263240661486,0.0
symbol-padded logic,512,1443.1640625,2603.0,2965.384765625,5424.0,0.9925541646573344,0.9965333137476095,0.0
wordified logic,512,1469.7,2610.0,2990.9,5429.0,1.0108045881283054,1.0051078438920666,0.0
main NL exact,512,1453.990234375,2668.0,2975.7005859375,5490.5,1.0,1.0,0.0
