template,train_max,n,mean_depth,prompt_mean,trace_mean,trace_p50,trace_p95,target_mean,target_p50,target_p95,total_mean,total_p50,total_p95,truncation_rate_at_max_length
logic,25,512,12.84765625,1521.220703125,1029.134765625,1033.0,1853.0,1038.03125,1042.0,1862.0,2560.251953125,2567.0,4681.0,0.0
logic_symbol_padded,25,512,12.84765625,1521.220703125,1434.267578125,1466.0,2594.0,1443.1640625,1476.0,2603.0,2965.384765625,2991.0,5424.0,0.0
nl_exact,25,512,12.84765625,1521.220703125,1445.083984375,1436.0,2659.0,1453.98046875,1444.0,2668.0,2976.201171875,2961.0,5491.0,0.0
