template,train_max,seed,gsm8k_em,gsm8k_tag
logic,20,3407,0.23351023502653526,0.976497346474602
nl_exact,20,3407,0.6755117513267627,0.9969673995451099
