family,template,train_max,n,ood_correct@16,ood_joint@16,ood_grounded_joint@16,ood_nl_parse@16,depth50_correct@16,depth50_joint@16,depth50_grounded_joint@16,depth50_nl_parse@16
official_igsm,logic,5,3,0.3115530303030303,0.25473484848484845,0.0,0.0,0.23958333333333334,0.17708333333333334,0.0,0.0
official_igsm,logic,10,3,0.5072916666666667,0.3770833333333334,0.0,0.0,0.4583333333333333,0.28125,0.0,0.0
official_igsm,logic,15,3,0.5455729166666666,0.3919270833333333,0.0,0.0,0.5416666666666666,0.2916666666666667,0.0,0.0
official_igsm,logic,20,3,0.5364583333333334,0.24479166666666666,0.0,0.0,0.5104166666666666,0.21875,0.0,0.0
official_igsm,nl_exact,5,3,0.36553030303030304,0.0,0.0,0.0,0.3333333333333333,0.0,0.0,0.0
official_igsm,nl_exact,10,3,0.5885416666666666,0.0,0.0,0.0,0.4895833333333333,0.0,0.0,0.0
official_igsm,nl_exact,15,3,0.6184895833333334,0.0,0.0,0.0,0.5208333333333334,0.0,0.0,0.0
official_igsm,nl_exact,20,1,0.5885416666666666,0.0,0.0,0.0,0.59375,0.0,0.0,0.0
