size,template,train_max,n,train_correct@16,train_correct@16_std,train_valid@16,train_valid@16_std,train_joint@16,train_joint@16_std,ood_correct@16,ood_correct@16_std,ood_valid@16,ood_valid@16_std,ood_joint@16,ood_joint@16_std,hard_tail_correct@16,hard_tail_correct@16_std,hard_tail_valid@16,hard_tail_valid@16_std,hard_tail_joint@16,hard_tail_joint@16_std,depth50_correct@16,depth50_correct@16_std,depth50_joint@16,depth50_joint@16_std
,logic,10,3,1.0,0.0,1.0,0.0,1.0,0.0,0.6177083333333333,0.12396271000676866,0.46458333333333335,0.17943294166778728,0.3197916666666667,0.06167863059619777,0.5752314814814814,0.13773634445196517,0.4050925925925926,0.19936993518643034,0.24537037037037038,0.0672293320900815,0.2916666666666667,0.2798964342196751,0.03125,0.04419417382415922
,logic,20,3,1.0,0.0,1.0,0.0,1.0,0.0,0.7534722222222222,0.04779826353450072,0.4010416666666667,0.09051118331761858,0.16493055555555555,0.020977510370823915,0.8356481481481481,0.031865509023000456,0.6006944444444444,0.060340788878412356,0.44328703703703703,0.01398500691388261,0.65625,0.15934435979977452,0.020833333333333332,0.01473139127471974
,logic,25,3,1.0,0.0,1.0,0.0,1.0,0.0,0.90625,0.03572172541558798,0.7270833333333333,0.04340138886666594,0.43125,0.02224391302506522,0.9479166666666666,0.019845403008659983,0.8483796296296297,0.024111882703703312,0.6840277777777778,0.012357729458369581,0.8541666666666666,0.06421264586426018,0.15625,0.02551551815399144
,nl_exact,10,3,1.0,0.0,1.0,0.0,1.0,0.0,0.46145833333333336,0.03250934694651506,0.28125,0.030935921676911445,0.2791666666666667,0.028678958120700426,0.40162037037037035,0.036121496607238984,0.2013888888888889,0.0343732463076794,0.19907407407407407,0.03186550902300048,0.4270833333333333,0.05311478659992484,0.0,0.0
,nl_exact,20,3,1.0,0.0,1.0,0.0,1.0,0.0,0.4375,0.20602014408430677,0.3559027777777778,0.2443048251836723,0.3385416666666667,0.23280725665236468,0.625,0.1373467627228712,0.5706018518518519,0.16286988345578154,0.5590277777777778,0.15520483776824312,0.3333333333333333,0.10622957319984969,0.13541666666666666,0.19150808657135662
,nl_exact,25,3,1.0,0.0,1.0,0.0,1.0,0.0,0.56875,0.0902831195000852,0.5645833333333333,0.09133462590326238,0.5645833333333333,0.09133462590326238,0.7604166666666666,0.05015728861115841,0.7581018518518519,0.05074145883514573,0.7581018518518519,0.05074145883514573,0.25,0.22678688601122127,0.22916666666666666,0.23707930576543837
