condition,steps,n,ood_correct@16,delta_ood_correct@16,ood_joint@16,delta_ood_joint@16,depth50_correct@16,delta_depth50_correct@16,depth50_joint@16,delta_depth50_joint@16
main logic,10000,3,0.9208333333333334,0.0,0.7104166666666667,0.0,0.8333333333333334,0.0,0.4166666666666667,0.0
main nl_exact,10000,3,0.79375,-0.12708333333333344,0.7479166666666667,0.03749999999999998,0.5104166666666666,-0.32291666666666674,0.4270833333333333,0.01041666666666663
same-token logic,10000,3,0.8979166666666667,-0.022916666666666696,0.3354166666666667,-0.375,0.7916666666666666,-0.04166666666666674,0.125,-0.2916666666666667
same-token nl_exact,7140,3,0.5541666666666667,-0.3666666666666667,0.47291666666666665,-0.23750000000000004,0.34375,-0.48958333333333337,0.21875,-0.19791666666666669
