template,steps,seed,ood_correct@16,ood_joint@16,depth50_correct@16,depth50_joint@16
logic,10000,3407,0.83125,0.23125,0.6875,0.125
logic,10000,3408,0.9625,0.4,0.90625,0.125
logic,10000,3409,0.9,0.375,0.78125,0.125
nl_exact,7140,3407,0.675,0.65625,0.53125,0.46875
nl_exact,7140,3408,0.5125,0.46875,0.28125,0.1875
nl_exact,7140,3409,0.475,0.29375,0.21875,0.0
