template,steps,n,ood_correct@16,ood_joint@16,depth50_correct@16,depth50_joint@16
logic,10000,3,0.8979166666666667,0.3354166666666667,0.7916666666666666,0.125
nl_exact,7140,3,0.5541666666666667,0.47291666666666665,0.34375,0.21875
