shortcut_kind,template,shortcut_rate,seed,ood_correct@16,ood_joint@16,depth50_correct@16,depth50_joint@16
position,logic,0p5,3407,0.84375,0.45,0.8125,0.1875
position,logic,0p5,3408,0.9625,0.6625,0.90625,0.21875
position,logic,0p5,3409,0.89375,0.74375,0.8125,0.53125
position,logic,0p8,3407,0.8625,0.6625,0.75,0.3125
position,logic,0p8,3408,0.90625,0.63125,0.78125,0.34375
position,nl_exact,0p5,3407,0.35625,0.3,0.5,0.4375
position,nl_exact,0p5,3408,0.5625,0.30625,0.34375,0.0
