template,shortcut_rate,n,ood_correct@16,ood_joint@16,depth50_correct@16,depth50_joint@16
logic,0.0,3,0.9208333333333334,0.7104166666666667,0.8333333333333334,0.4166666666666667
logic,0.3,3,0.8916666666666666,0.5979166666666668,0.84375,0.375
logic,0.5,3,0.90625,0.6770833333333334,0.8333333333333334,0.375
logic,0.8,3,0.9395833333333333,0.7937500000000001,0.8229166666666666,0.4166666666666667
nl_exact,0.0,3,0.79375,0.7479166666666667,0.5104166666666666,0.4270833333333333
nl_exact,0.3,3,0.5875,0.5708333333333333,0.4583333333333333,0.4375
nl_exact,0.5,3,0.6416666666666667,0.5854166666666667,0.3854166666666667,0.3125
nl_exact,0.8,3,0.6375000000000001,0.5645833333333333,0.28125,0.14583333333333334
