shortcut_kind,template,shortcut_rate,n,ood_correct@16,ood_joint@16,depth50_correct@16,depth50_joint@16
initial_marker,logic,0p5,3,0.8833333333333333,0.625,0.8541666666666666,0.34375
initial_marker,nl_exact,0p5,2,0.5093749999999999,0.48125,0.125,0.109375
position,logic,0p5,3,0.9,0.61875,0.84375,0.3125
position,logic,0p8,3,0.8791666666666668,0.65,0.7604166666666666,0.3229166666666667
position,nl_exact,0p5,3,0.5395833333333333,0.43124999999999997,0.3958333333333333,0.2604166666666667
position,nl_exact,0p8,3,0.5125000000000001,0.4875,0.3958333333333333,0.3541666666666667
