size,template,n,gsm8k_em,gsm8k_tag,hotpot_em,hotpot_f1,twowiki_em,twowiki_f1,musique_em,musique_f1
50m,logic,3,0.0,0.026029820571139752,0.0,0.0,0.0,0.0,0.0,0.0
50m,nl_exact,3,0.0,0.17412180945160474,0.0,0.0,0.0,0.0,0.0,0.0
100m,logic,3,0.0,0.08415466262319939,0.0,0.0,0.0,0.0,0.0,0.0
100m,nl_exact,3,0.0,0.10235026535253981,0.0,0.0,0.0,0.0,0.0,0.0
200m,logic,3,0.0,0.8220874399797826,0.0,0.0,0.0,0.0,0.0,0.0
200m,nl_exact,3,0.0,0.4614607025524387,0.0,0.0,0.0,0.0,0.0,0.0
