size,template,n,gsm8k_em,gsm8k_tag,hotpot_em,hotpot_f1,twowiki_em,twowiki_f1,musique_em,musique_f1
50m,logic,3,0.0,0.016932019206469546,0.0,0.0,0.0,0.0,0.0,0.0
50m,nl_exact,3,0.0,0.09957038160222391,0.0,0.0,0.0,0.0,0.0,0.0
100m,logic,3,0.0,0.06873894364417488,0.0,0.0,0.0,0.0,0.0,0.0
100m,nl_exact,3,0.0,0.04649987364164771,0.0,0.0,0.0,0.0,0.0,0.0
200m,logic,3,0.0,0.674500884508466,0.0,0.0,0.0,0.0,0.0,0.0
200m,nl_exact,3,0.0,0.35708870356330563,0.0,0.0,0.0,0.0,0.0,0.0
