size,template,train_max,n,train_correct@8,train_correct@8_std,train_valid@8,train_valid@8_std,train_joint@8,train_joint@8_std,ood_correct@8,ood_correct@8_std,ood_valid@8,ood_valid@8_std,ood_joint@8,ood_joint@8_std,hard_tail_correct@8,hard_tail_correct@8_std,hard_tail_valid@8,hard_tail_valid@8_std,hard_tail_joint@8,hard_tail_joint@8_std,depth50_correct@8,depth50_correct@8_std,depth50_joint@8,depth50_joint@8_std
100m,logic,10,3,0.8489583333333334,0.01473139127471974,1.0,0.0,0.828125,0.02209708691207961,0.1328125,0.03983608994994363,0.0,0.0,0.0,0.0,0.07738095238095238,0.02343454724408277,0.0,0.0,0.0,0.0,0.0,0.0,0.0,0.0
100m,nl_exact,10,3,0.671875,0.24340253011558172,0.4739583333333333,0.26031247915832917,0.4739583333333333,0.26031247915832917,0.2578125,0.07838498407964797,0.0,0.0,0.0,0.0,0.1994047619047619,0.10622957319984967,0.0,0.0,0.0,0.0,0.020833333333333332,0.02946278254943948,0.0,0.0
200m,logic,10,3,0.625,0.04419417382415922,1.0,0.0,0.5833333333333334,0.04480377743251368,0.20052083333333334,0.05425173608333245,0.044270833333333336,0.038450060052691144,0.0078125,0.011048543456039806,0.13392857142857142,0.06355403721447209,0.002976190476190476,0.004208968935634211,0.0,0.0,0.0,0.0,0.0,0.0
200m,nl_exact,10,3,0.5833333333333334,0.08300717422140222,0.3854166666666667,0.22292640165659058,0.3854166666666667,0.22292640165659058,0.0546875,0.04419417382415922,0.0,0.0,0.0,0.0,0.03273809523809524,0.046298658291976325,0.0,0.0,0.0,0.0,0.0,0.0,0.0,0.0
50m,logic,10,3,0.8072916666666666,0.08494534599114631,0.8229166666666666,0.25043365167023557,0.578125,0.28980057798424075,0.11197916666666667,0.06639348324990606,0.0,0.0,0.0,0.0,0.0744047619047619,0.08697404283453844,0.0,0.0,0.0,0.0,0.0,0.0,0.0,0.0
50m,nl_exact,10,3,0.6302083333333334,0.08102265201095857,0.0625,0.05103103630798288,0.046875,0.03375385780420761,0.06770833333333333,0.020505228838572424,0.0,0.0,0.0,0.0,0.05952380952380953,0.015175653314264244,0.0,0.0,0.0,0.0,0.0,0.0,0.0,0.0
