size,template,n,gsm8k_em,gsm8k_tag,gsm8k_explicit_nonempty,hotpot_f1,hotpot_em,twowiki_f1,twowiki_em,musique_f1,musique_em
50m,logic,3,0.0,0.003538033864038413,0.003032600454890068,0.0,0.0,0.0,0.0,0.0,0.0
50m,nl_exact,3,0.0,0.029062421026029822,0.012635835228708618,0.0,0.0,0.0,0.0,0.0,0.0
100m,logic,3,0.0,0.009855951478392721,0.009855951478392721,0.0,0.0,0.0,0.0,0.0,0.0
100m,nl_exact,3,0.0,0.05534495830174375,0.04245640636846096,0.0,0.0,0.0,0.0,0.0,0.0
200m,logic,3,0.0,0.21506191559262067,0.21177659843315644,0.0,0.0,0.0,0.0,0.0,0.0
200m,nl_exact,3,0.0,0.4028304270912308,0.38134950720242605,0.0,0.0,0.0,0.0,0.0,0.0
