size,template,train_max,n,train_correct@8,train_correct@8_std,train_valid@8,train_valid@8_std,train_joint@8,train_joint@8_std,ood_correct@8,ood_correct@8_std,ood_valid@8,ood_valid@8_std,ood_joint@8,ood_joint@8_std,hard_tail_correct@8,hard_tail_correct@8_std,hard_tail_valid@8,hard_tail_valid@8_std,hard_tail_joint@8,hard_tail_joint@8_std,depth50_correct@8,depth50_correct@8_std,depth50_joint@8,depth50_joint@8_std
100m,logic,10,3,0.8072916666666666,0.05752792196451698,0.28125,0.05560978256266308,0.11458333333333333,0.03210632293213009,0.20052083333333334,0.05311478659992484,0.0,0.0,0.0,0.0,0.13392857142857142,0.07715167498104596,0.0,0.0,0.0,0.0,0.0,0.0,0.0,0.0
100m,nl_exact,10,3,0.7291666666666666,0.00736569563735987,0.25,0.01275775907699572,0.25,0.01275775907699572,0.033854166666666664,0.03146626555623586,0.0,0.0,0.0,0.0,0.0,0.0,0.0,0.0,0.0,0.0,0.0,0.0,0.0,0.0
200m,logic,10,3,0.8541666666666666,0.03210632293213009,0.3125,0.12170126505779086,0.15625,0.10126157341262282,0.23958333333333334,0.025779934730759544,0.0,0.0,0.0,0.0,0.14583333333333334,0.02560215853286496,0.0,0.0,0.0,0.0,0.0,0.0,0.0,0.0
200m,nl_exact,10,3,0.71875,0.01275775907699572,0.3802083333333333,0.08300717422140222,0.3802083333333333,0.08300717422140222,0.046875,0.035516098169234,0.0,0.0,0.0,0.0,0.017857142857142856,0.025253813613805267,0.0,0.0,0.0,0.0,0.0,0.0,0.0,0.0
50m,logic,10,3,0.765625,0.03375385780420761,0.22916666666666666,0.01473139127471974,0.07291666666666667,0.02655739329996242,0.140625,0.06085063252889543,0.0,0.0,0.0,0.0,0.11011904761904762,0.049623011906348415,0.0,0.0,0.0,0.0,0.0,0.0,0.0,0.0
50m,nl_exact,10,3,0.671875,0.02209708691207961,0.15625,0.05560978256266308,0.140625,0.05560978256266308,0.036458333333333336,0.036271844471833646,0.0,0.0,0.0,0.0,0.008928571428571428,0.012626906806902633,0.0,0.0,0.0,0.0,0.0,0.0,0.0,0.0
