template,n,ood_correct@16,ood_formal_joint@16,ood_translated_joint@16,depth50_correct@16,depth50_formal_joint@16,depth50_translated_joint@16
rule_annotated_nl,3,0.5791666666666667,0.0,0.0,0.3645833333333333,0.0,0.0
terse_nl,3,0.34791666666666665,0.0,0.27708333333333335,0.09375,0.0,0.010416666666666666
