template,n,ood_correct@16,ood_formal_joint@16,ood_translated_joint@16,depth50_correct@16,depth50_formal_joint@16,depth50_translated_joint@16
invalid_logic,3,0.8916666666666666,0.4270833333333333,0.0,0.75,0.14583333333333334,0.0
pseudocode,2,0.40625,0.0,0.334375,0.1875,0.0,0.109375
rule_annotated_nl,3,0.575,0.0,0.48541666666666666,0.34375,0.0,0.14583333333333334
shuffled_logic,3,0.6895833333333333,0.0020833333333333333,0.0,0.5104166666666666,0.0,0.0
shuffled_nl,3,0.4895833333333333,0.0,0.0,0.34375,0.0,0.0
terse_nl,3,0.34791666666666665,0.0,0.27708333333333335,0.09375,0.0,0.010416666666666666
